<application>
  <component name="FileTypeManager" version="18">
    <ignoreFiles list="*$py.class;*.pyc;*.pyo;*.rbc;*.yarb;*~;.DS_Store;.git;.hg;.svn;CVS;__pycache__;_svn;vssver.scc;vssver2.scc" />
    <extensionMap>
      <mapping pattern="TestConfig.xml" type="AUTO_DETECTED" />
      <mapping pattern=".coverage" type="PLAIN_TEXT" />
      <mapping ext="csv" type="PLAIN_TEXT" />
      <mapping ext="2021-06-07" type="PLAIN_TEXT" />
      <removed_mapping ext="ini" approved="true" type="PLAIN_TEXT" />
    </extensionMap>
  </component>
</application>